"V1","V2","V3","V4","V5","V6","V7","V8","V9","V10","V11","V12","V13","V14","V15","V16","V17","V18","V19","V20","V21","V22","V23","V24","V25","V26","V27","V28","V29","V30","V31","V32","V33","V34","V35"
"","wolv_uchiha","showanw","","","","like","even","trying","fact","based","discussion","wilt","played","double","triple","teamed","constantly","hung","hundred","","played","center","original","dream","team","","center","went","make","allstar","roster","","",""
"undíacomohoy","hace","","willis","reed","debutó","","","","temps","","","","","","","","","allstar","","final","","sporting","news","","","","","","","","","","",""
"undíacomohoy","hace","","rick","barry","debutó","","","","","temps","","","","","","","","","","","allstar","","final","sporting","news","","","","","","","","",""
"undíacomohoy","hace","","larry","bird","debutó","","","","temps","","","","","","","","","allstar","","final","veces","","sporting","news","","sporting","news","","","","","","",""
"sixers_leek","","what’s","worth","opinion","here’s","simple","test","name","","years","","games","every","year","playoff","series","every","year","","","","allstar","","first","team","defense","","","best","wing","defender","","name",""
"csbanterpfb","wojespn","","games","every","season","lockout","woulda","lace","","playoff","series","every","season","","allstar","","","","defense","first","team","defense","","perimeter","defender","","","","","","","","",""
"","player","intros","intro","song","happened","allstar","","","vote","list","cant","change","shoes","home","away","games","happened","history","list","previous","champions","mvps","remove","much","game","","","","","","","","",""
"brother","really","changed","slam","dunk","competition","","","jmvokvmtoy","","","","","","","","","","","","","","","","","","","","","","","","","",""
"give","street","want","","celebrity","allstar","game","","","wdutwxyxqo","","","","","","","","","","","","","","","","","","","","","","","","",""
"rsandns","ymenjoyer","isiahthomas","","lakers","loaded","squad","just","like","celtics","magic","james","worthy","","cooper","dpoy","","","defense","","green","","allstar","klay’s","daddy","bryon","scott","","","","","","","",""
"","","","","person","ever","average","triple","double","","statlines","seen","since","wilt","chamberlain","","","allstar","","","first","team","","scoring","leader","","assist","leader","","deffinetly","","time","","",""
"kosordie","spankhorton","time","allstar","time","champ","time","","team","","award","career","","","think","that’s","enough","sneak","","","","","","","","","","","","","","","","",""
"","","upset","kevindurant","kyrieirving","kyrieirving","vaccine","decision","","","somebody","making","decision","eleven","time","allstar","kevindurant","said","","","","","","","","","","","","","","","","",""
"october","","","upset","kevindurant","kyrieirving","vaccine","decision","","","somebody","making","decision","eleven","time","allstar","kevindurant","said","seanhannity","foxnews","","","","","","","","","","","","","","",""
"calli","playing","jump","king","supposed","","allstar","","","","","","","","","","","","","","","","","","","","","","","","","","","",""
"therramirez","guapgarrett","","alexhoopsyt","still","kobe","ballhog","never","","","regular","season","playoffs","fuck","","years","","name","","","allstar","selection","worse","","kobe","","factsonly","truthhurts","","","","","","",""
"imnothenriq","","alexhoopsyt","kobe","bench","","first","","years","","duncan","already","","","team","","defensive","first","team","since","rookie","kobe","selected","allstar","slam","dunk","contest","people","vote","although","","player","better","time",""
"","","","","","","","","","","","","","","","","","","","","","","","","","","","","","","","","","",""
"","","just","accept","morris","mediocre","hoping","morris","turn","allstar","","years","","like","waiting","rain","middle","summer","chance","morris","improve","forever","mediocre","","","","","","","","","","","",""
"","terrorize__","lebum","","least","","game","without","allstar","teammates","court","wonder","lebum","","swept","twice","career","lebum","","fraud","","","","","","","","","","","","","","",""
"","","dirk","","ring","","best","teams","","history","without","allstar","smacking","luka","court","even","prime","","","","","","","","","","","","","","","","","",""
"season","","allstar","game","","","","","","","","","","","","","","","","","","","","","","","","","","","","","","",""
"","","","bron","allstar","teammates","include","stats","instead","just","","many","","","team","teammates","defensive","","team","teammates","","","","","","","","","","","","","","",""
"","tonight","buddy","thinks","gonna","allstar","","season","","","","","","","","","","","","","","","","","","","","","","","","","","",""
"","kyrie","a.emeefending","superstar","already","","time","allstar","star","","kevin","love","regarded","","player","","lmao","","casual","","","enough","remember","people","saying","cavs","team","better","miami","","","","","",""
"","better","","allstar","game","cmon","","turn","","","","","","","","","","","","","","","","","","","","","","","","","","",""
"caroljsroth","","seen","many","events","person","olympics","super","bowl","world","series","","","allstar","game","masters","golf","tournament","years","german","soccer","league","world","champion","pickle","ball","","road","cycling","lance","armstrong","others","think","deon","sanders"
"tops","list","","","","","","","","","","","","","","","","","","","","","","","","","","","","","","","","",""
"br_nba","","","early","","award","predictions","","anthony","davis","","anthony","davis","fmvp","russell","westbrook","","","malik","monk","","talen","horton","tucker","","austin","reaves","","frank","vogel","","","pelinka","allstar",""
"lebron","james","","award","carmelo","anthony","","lakers","","","","","","","","","","","","","","","","","","","","","","","","","","",""
"","early","","award","predictions","","anthony","davis","","anthony","davis","fmvp","russell","westbrook","","","malik","monk","","talen","horton","tucker","","austin","reaves","","frank","vogel","","","pelinka","allstar","","lebron","james"
"","award","carmelo","anthony","","lakers","","","","","","","","","","","","","","","","","","","","","","","","","","","","",""
"","early","","award","predictions","","anthony","davis","","anthony","davis","fmvp","russell","westbrook","","","malik","monk","","talen","horton","tucker","","austin","reaves","","frank","vogel","","","pelinka","allstar","","lebron","james"
"","award","carmelo","anthony","","lakers","","","","","","","","","","","","","","","","","","","","","","","","","","","","",""
"trevor_lane","early","","award","predictions","","anthony","davis","","anthony","davis","fmvp","russell","westbrook","","","malik","monk","","talen","horton","tucker","","austin","reaves","","frank","vogel","","","pelinka","allstar","","lebron","james"
"","award","carmelo","anthony","","lakers","","","","","","","","","","","","","","","","","","","","","","","","","","","","",""
"lakers","early","","award","predictions","","anthony","davis","","anthony","davis","fmvp","russell","westbrook","","","malik","monk","","talen","horton","tucker","","austin","reaves","","frank","vogel","","","pelinka","allstar","","lebron","james"
"","award","carmelo","anthony","","lakers","","","","","","","","","","","","","","","","","","","","","","","","","","","","",""
"","","early","","award","predictions","","anthony","davis","","anthony","davis","fmvp","russell","westbrook","","","malik","monk","","talen","horton","tucker","","austin","reaves","","frank","vogel","","","pelinka","allstar","","lebron"
"james","","award","carmelo","anthony","","lakers","","","","","","","","","","","","","","","","","","","","","","","","","","","",""
"","","there’s","still","hope","remember","allstar","game","","","","","","","","","","","","","","","","","","","","","","","","","","",""
"","think","definitely","missed","something","thought","","mycareer","player","","","","","","","","","","","","","","","","","","","","","","","","","",""
"","definitely","xsergioxxx","","","","","","","","","","","","","","","","","","","","","","","","","","","","","","","",""
"watch","boxing","often","shit","","","","","","","","","","","","","","","","","","","","","","","","","","","","","","",""
"vlglkdr","","","","believe","seen","somewhere","","list","entirely","previous","players","","bumped","someone","like","bill","sharman","","bumped","kobe","dolph","shayes","lebron","lenny","wilkens","duncan","","","","","","","",""
"","","allstar","game","nosebleed","seats","","","","","","","","","","","","","","","","","","","","","","","","","","","","",""
"love","","archive","moment","nbatopshot","playoffs","game","series","winner","buzzer","dope","","","","","shot","damian","lillard","owned","","","topshot","allstar","playoffs","","","","","","","","","","",""
"btoporek","","kyleneubeck","","honesty","lies","appreciate","forget","still","","team","member","time","allstar","","","weirdos","twist","make","soft","","","","","","","","","","","","","","",""
"nash","","","___x","allstar","","","champion","help","","last","year's","","close","becoming","","stars","injured","","factsmatter","kyrie","squandering","opportunity","thousands","","","","","","","","","","",""
"","great","","awhile","","","","went","jamie","foxx","fantasia","concert","vegas","","allstar","week","back","showed","entire","scene","vegas","incredible","never","seen","many","","","place","acting","fool","everywhere","really","great","time",""
"pete","writing","story","ringer","gaye's","incredible","rendition","national","anthem","star","game","","pete","found","deeper","story","","rinky","dink","league","changed","theringer","billsimmons","allstar","","","","","","","","","","",""
"shwinnypooh","","scenario","cooper","","percentile","","shooter","deuce","solid","driver","cooper","like","","valuable","potentially","allstar","","even","potentially","hinder","teams","ceiling","","","","","","","","","","","",""
"","","definitely","allstar","caliber","","","","","","","","","","","","","","","","","","","","","","","","","","","","","",""
"","xtragrnd","espn","","trea","luka","level","","tyler","made","finals","first","year","playing","like","","","wipe","others","","","","deserves","","allstar","potential","","really","","talks","","","","",""
"","first","magic","johnson","played","","","game","allstar","game","announcing","aids","players","shook","playing","second","terrible","analogy","third","","vaccinated","","","","","","","","","","","","","",""
"","three_cone","think","","","rookie","hasn’t","played","single","","game","better","time","allstar","potential","dpoy","","playmaker","league","","player","wild","","","","","","","","","","","","",""
"","","","star","kyrie","irving","gives","baffling","explanation","anti","","stance","","live","allstar","kyrie","","","","","","","","","","","","","","","","","","",""
"taylorrooks","","","magic","","biased","remember","","talk","everyone","magic","","players","feelings","compete","came","back","olympics","allstar","game","","last","season","","","","","","","","","","","",""
"","espnnba","shows","aggression","improvment","","","time","allstar","dpoy","candidate","","","","","","","","","","","","","","","","","","","","","","","",""
"","mvsontop","","made","allstar","team","year","curry","durant","drafted","","saying","","","best","allstar","year","","embiid","explain","","","","","","","","","","","","","","",""
"aren’t","hearing","anything","commie","coaches","","like","","gundy’s","popovich","","kerr","played","","part","getting","","bathroom","remember","","moved","allstar","game","","","","","","","","","","","",""
"join","","tomorrow","noon","thecityclub","","","","","wnba","","orisstuart","","","leading","allstar","weekend","","tickets","still","available","register","","","","","","","","","","","","",""
"phoenix","suns","star","devin","booker","starts","awarding","starting","five","initiative","class","","","hjqheqddpd","","","","","","","","","","","","","","","","","","","","",""
"","time","","allstar","winner","","first","","","","","","","","","","","","","","","","","","","","","","","","","","","",""
"","read","stats","","finale","mvps","","allstar","selections","","selections","name","","player","anything","close","","","","","","","","","","","","","","","","","","",""
"","havlicek","","titles","time","defense","allstar","teams","","finals","","","leading","scorer","team","history","always","covered","best","guard","small","forward","team","","","","","","","","","","","",""
"","nevapoppin","thetyjager","sure","well","said","parker","","allstar","","","finals","","","something","ignore","either","","","","","","","","","","","","","","","","","",""
"diorrdylan","sixerstre","","","think","","dumb","trade","guys","","allstars","","","made","consecutive","allstar","teams","back","back","first","team","defense","","team","","","playoff","team","kings","haven’t","made","playoffs","since","elementary","school"
"jimmygetsws","spurs","","since","","left","","every","","team","spurs","","","first","team","allstar","rookie","year","gonna","goated","matter","made","spurs","","","","","","","","","","","",""
"jclarknbcs","","nbcsphilly","","br_nba","","noahlevick","nbatv","time","heals","wounds","need","apologize","","allstar","talents","floor","","","","","","","","","","","","","","","","","",""
"nets","","kyrie","irving","play","vaccinated","milwaukee","covid","","","york","","","","","","","","","","","","","","","","","","","","","","","",""
"","nbaontnt","_talkin_nba","itskkay","allstar","game","stays","pass","","allen","","","","","","","","","","","","","","","","","","","","","","","","",""
"","allstar","believe","","seen","dwight","howard","ignore","","wheel","chair","asking","","","","","","","","","","","","","","","","","","","","","","",""
"jamieapody","sixers","","espn","","players","aren’t","petty","want","","know","better","chance","","team","trade","diff","allstar","","suited","makes","","better","couch","getting","fined","","","","","","","","",""
"","","plays","double","","afraid","","line","shooters","","allstar","runner","dpoy","","paired","best","center","league","","need","","must","aggressive","work","","","","","","","","","","",""
"","opinion","think","wrong","kinda","","","allstar","","team","defender","sucks","kyrie's","legit","make","seem","everyone","else","vaccinated","state","","participate","unless","vaxxed","","","","","","","","","","",""
"","culture","club","needs","","promise","","makes","","team","allstar","team","","","wrong","","","","","","","","","","","","","","","","","","","",""
"vlglkdr","","","","sharman","schayes","","sure","wilkens","probably","","","","","","","","","","","","","","","","","","","","","","","","",""
"allstar","weekend","","","","","","","","","","","","","","","","","","","","","","","","","","","","","","","","",""
"milwaukee","bucks","","vaccinated","unlike","","","star","healthy","players","","participate","games","","","iblikwgque","","","","","","","","","","","","","","","","","","",""
"nets","","kyrie","irving","play","vaccinated","milwaukee","covid","","","york","","","","","","","","","","","","","","","","","","","","","","","",""
"","think","year","","","","allstar","","","defensive","first","time","rookie","year","just","going","play","","ruin","whatever","stock","left","might","dumber","thought","chris","","","","","","","","",""
"yvonne","story","nothing","","kenya","moore","","allstar","weekend","trust","","","","","","","","","","","","","","","","","","","","","","","","",""
"","allstar","pushed","back","week","","","usually","","","weekend","","","","","","","","","","","","","","","","","","","","","","","",""
"youtuber","subscribers","trending","foryoupage","instadown","","altcoins","","emmarose","germany","","jiminday","konka","maringph","mercy","","baby","","dijoun","","allstar","","drake","","","youngboy","type","beat","","","","youtube","","",""
"mercy","","baby","","dijoun","","allstar","","drake","","","youngboy","type","beat","","","","youtube","","","","","","","","","","","","","","","","",""
"kyrie","retires","today","hall","famer","","allstar","","","team","","","","team","","","rooking","year","vote","","","","","","","","","","","","","","","",""
"","","","really","just","something","head","already","like","randomly","asking","someone","","","","allstar","game","whatever","reason","remember","iverson","","","","","","","","","","","","","",""
"","allstar","year","","","","","","","","","","","","","","","","","","","","","","","","","","","","","","","",""
"davion","mitchell","","allstar","year","","","","","","","","","","","","","","","","","","","","","","","","","","","","","",""
"watching","","since","freshman","","","multiple","","allstar","someday","soon","","","","","","","","","","","","","","","","","","","","","","","",""
"","think","sounds","normal","thought","already","","quarter","basketball","think","","","stop","play","","allstar","game","couple","years","","interesting","","quarter","clock","system","sure","better","worse","","","","","","",""
"","","","allstar","game","cleveland","next","year","","","","","","","","","","","","","","","","","","","","","","","","","","",""
"","yosefnba","","asking","allstar","","asking","","player","","solid","role","players","bench","pieces","something","","","drafted","mvps","done","nothing","small","markets","first","round","picks","matter","","hard","","role","players","",""
"draido","disagree","season","","didn’t","single","allstar","","alone","","roster","player","development","","guys","take","leaps","kemba","","","form","even","that’s","massive","improvement","last","season","","","","","","","",""
"","","patrick","ewing","ayton","collins","capella","poor","allstar","todays","","best","","allen","","","similar","reggie","miller","dunk","guards","shoot","well","days","quite","reggie","just","shoot","","","","","","",""
"kuyalebron","wadesburner","","lakers","just","jimmy","took","without","allstar","center","leading","scorer","playoffs","","","","","","","","","","","","","","","","","","","","","",""
"","","cleveland","cavaliers","mens","allstar","","adjustable","","team","color","","","","","cleveland","cavaliers","mens","allstar","","adjustable","","football","nflfans","hurry","","best","price","","","","","","",""
"scotthanson","wider","khloe","kardashian's","legs","","allstar","game","town","","","","","","","","","","","","","","","","","","","","","","","","","",""
"","lebron","","league","vorp","","","league","","twice","","minutes","twice","","leader","","star","","allstar","","","","","player","week","roty","","finishes","","voting","lonzo","just","league","",""
"","allstar","dunk","competition","","deng","kuot","","glide","slam","home","nice","dunks","young","hoopers","","bunnies","","","","snrbcdojgx","","","","","","","","","","","","","",""
"","","br_nba","full","allstar","like","ballot","","click","link","wnba","promoting","","","","","","","","","","","","","","","","","","","","","","",""
"","","","","three","time","allstar","point","guard","knicks","","rose","","","","","","","","","","","","","","","","","","","","","","",""
"episode","featuring","special","guest","former","","allstar","wayne","mcdaniel","available","tuesday","itunes","spotify","great","interview","","nbls","prolific","scorers","well","chat","state","","","","team","","","","","","","","",""
"zepravity","josheberley","","","case","strong","start","strong","contributer","chip","team","allstar","","team","","still","","plenty","time","rack","star","","","team","nods","returns","form","year","going","forward","","","","",""
"","","","three","time","allstar","point","guard","knicks","","rose","","","","","","","","","","","","","","","","","","","","","","","",""
"","marcsburner","kenhelive","undisputed","","","","teammate","ever","make","allstar","team","","bron","played","hall","famers","anyone","","history","near","goes","around","hopping","city","city","building","superteams","","fact","bron","better","teammates","",""
"","first","reply","","game","","referring","obviously","embiid","best","center","league","","like","simmons","scrub","like","","time","allstar","","title","","defense","","","perfect","player","","","","","","",""
"shit","lemme","","wilt","poole","","allstar","","","","","","","","","","","","","","","","","","","","","","","","","","","",""
"","","lebron","reigning","quit","defense","teammates","walking","","game","","jordan","reigning","","finals","","allstar","","","scoring","champ","","team","defense","back","back","back","","champion","","time","gtfoh","","",""
"","lebron","jordan","reigning","","finals","","allstar","","scoring","champion","","team","","defense","","","","","","","","","","","","","","","","","","","",""
"","combine","allstar","weekend","","","wnba","","definitely","turn","things","around","","","","","","","","","","","","","","","","","","","","","","",""
"andre","proud","root","iggy","last","great","line","former","olson","players","thank","iggy","always","reppin","cats","mentioned","recently","arenas","best","uofa","","","allstar","","team","time","champ","","finals","","","","","",""
"itshotinnit","nbamemes","","allstar","","season","","right","","","","","","","","","","","","","","","","","","","","","","","","","","",""
"","allstar","guard","jaylen","brown","tested","positive","brown","currently","","obviously","","celtics","wanted","start","","season","","","celtics","","","","","","","","","","","","","","",""
"makes","heart","happy","","thing","years","","world","called","bust","","","work","prediction","","star","year","allstar","bucket","lonzo","","","","","","","","","","","","","","",""
"","","every","year","year","lonzo","allstar","","","","","","","","","","","","","","","","","","","","","","","","","","","",""
"","collar","erasing","memory","","allstar","","","","","","","","","","","","","","","","","","","","","","","","","","","","",""
"","miamiheat","strus","getting","loose","early","year","watch","allstar","game","","","","","","","","","","","","","","","","","","","","","","","","",""
"","","allstar","season","callin","","","","","","","","","","","","","","","","","","","","","","","","","","","","","",""
"bernard_dat","","","played","years","","","","rookie","year","","defense","","","allstar","","","team","ranked","","player","","thats","","","","","","","","","","","",""
"ta__mka","make","sure","allstar","proteins","","","","","","","","","","","","","","","","","","","","","","","","","","","","","",""
"","luck","lmao","scoring","much","luck","allstar","luck","","","team","luck","","team","projected","lottery","playoff","team","luck","crazy","","like","","think","","","","","","","","","","",""
"hahahaha","watched","talk","exact","shit","","allstar","game","","soooo","cute","","","","","","","","","","","","","","","","","","","","","","","",""
